classification,avg_trade_count,avg_trade_size,avg_long_ratio,avg_win_rate
Extreme Fear,133.75,6773.464125428701,0.5315325499515249,0.32965914590002776
Extreme Greed,76.03041825095058,5371.637181741856,0.4731159546766074,0.3863873398662182
Fear,98.15396825396826,8975.928545864448,0.5189669719113172,0.36403251387116353
Greed,77.62808641975309,6427.866594360551,0.4715939063709217,0.3435587568848799
Neutral,100.22872340425532,6963.694860853634,0.47243090229040535,0.35541409810875263
